{
    "loss": 0.7386583685874939,
    "accuracy": 0.7853463079564968,
    "classification_report": {
        "dog_bark": {
            "precision": 0.6545454545454545,
            "recall": 0.8866995073891626,
            "f1-score": 0.7531380753138075,
            "support": 203.0
        },
        "children_playing": {
            "precision": 0.9436619718309859,
            "recall": 0.7790697674418605,
            "f1-score": 0.8535031847133757,
            "support": 86.0
        },
        "car_horn": {
            "precision": 0.6,
            "recall": 0.7213114754098361,
            "f1-score": 0.6550868486352357,
            "support": 183.0
        },
        "air_conditioner": {
            "precision": 0.8054054054054054,
            "recall": 0.7412935323383084,
            "f1-score": 0.7720207253886009,
            "support": 201.0
        },
        "street_music": {
            "precision": 0.9333333333333333,
            "recall": 0.7475728155339806,
            "f1-score": 0.8301886792452831,
            "support": 206.0
        },
        "gun_shot": {
            "precision": 0.8527918781725888,
            "recall": 0.8704663212435233,
            "f1-score": 0.8615384615384616,
            "support": 193.0
        },
        "siren": {
            "precision": 0.9166666666666666,
            "recall": 0.6111111111111112,
            "f1-score": 0.7333333333333334,
            "support": 72.0
        },
        "engine_idling": {
            "precision": 0.8868778280542986,
            "recall": 0.9423076923076923,
            "f1-score": 0.9137529137529138,
            "support": 208.0
        },
        "jackhammer": {
            "precision": 0.9235668789808917,
            "recall": 0.8787878787878788,
            "f1-score": 0.9006211180124223,
            "support": 165.0
        },
        "drilling": {
            "precision": 0.6586538461538461,
            "recall": 0.5956521739130435,
            "f1-score": 0.6255707762557078,
            "support": 230.0
        },
        "accuracy": 0.7853463079564968,
        "macro avg": {
            "precision": 0.8175503263143471,
            "recall": 0.7774272275476397,
            "f1-score": 0.7898754116189142,
            "support": 1747.0
        },
        "weighted avg": {
            "precision": 0.7996102749703381,
            "recall": 0.7853463079564968,
            "f1-score": 0.7864828404981855,
            "support": 1747.0
        }
    },
    "confusion_matrix": [
        [
            180,
            0,
            6,
            0,
            0,
            6,
            0,
            0,
            1,
            10
        ],
        [
            2,
            67,
            0,
            1,
            0,
            2,
            0,
            2,
            0,
            12
        ],
        [
            21,
            0,
            132,
            3,
            0,
            10,
            1,
            0,
            2,
            14
        ],
        [
            7,
            0,
            25,
            149,
            2,
            4,
            3,
            0,
            5,
            6
        ],
        [
            4,
            1,
            10,
            7,
            154,
            0,
            0,
            13,
            0,
            17
        ],
        [
            16,
            0,
            4,
            1,
            0,
            168,
            0,
            0,
            0,
            4
        ],
        [
            1,
            0,
            17,
            8,
            1,
            0,
            44,
            0,
            0,
            1
        ],
        [
            3,
            0,
            0,
            0,
            2,
            0,
            0,
            196,
            0,
            7
        ],
        [
            5,
            0,
            5,
            6,
            0,
            3,
            0,
            1,
            145,
            0
        ],
        [
            36,
            3,
            21,
            10,
            6,
            4,
            0,
            9,
            4,
            137
        ]
    ]
}