{
    "loss": 0.7213090658187866,
    "accuracy": 0.7836290784201488,
    "classification_report": {
        "dog_bark": {
            "precision": 0.6762589928057554,
            "recall": 0.9261083743842364,
            "f1-score": 0.7817047817047816,
            "support": 203.0
        },
        "children_playing": {
            "precision": 0.984375,
            "recall": 0.7325581395348837,
            "f1-score": 0.8400000000000001,
            "support": 86.0
        },
        "car_horn": {
            "precision": 0.542016806722689,
            "recall": 0.7049180327868853,
            "f1-score": 0.6128266033254156,
            "support": 183.0
        },
        "air_conditioner": {
            "precision": 0.7880434782608695,
            "recall": 0.7213930348258707,
            "f1-score": 0.7532467532467532,
            "support": 201.0
        },
        "street_music": {
            "precision": 0.8908045977011494,
            "recall": 0.7524271844660194,
            "f1-score": 0.8157894736842105,
            "support": 206.0
        },
        "gun_shot": {
            "precision": 0.8804347826086957,
            "recall": 0.8393782383419689,
            "f1-score": 0.8594164456233422,
            "support": 193.0
        },
        "siren": {
            "precision": 0.9375,
            "recall": 0.625,
            "f1-score": 0.75,
            "support": 72.0
        },
        "engine_idling": {
            "precision": 0.9230769230769231,
            "recall": 0.9230769230769231,
            "f1-score": 0.9230769230769231,
            "support": 208.0
        },
        "jackhammer": {
            "precision": 0.8944099378881988,
            "recall": 0.8727272727272727,
            "f1-score": 0.8834355828220859,
            "support": 165.0
        },
        "drilling": {
            "precision": 0.7019230769230769,
            "recall": 0.6347826086956522,
            "f1-score": 0.6666666666666666,
            "support": 230.0
        },
        "accuracy": 0.7836290784201488,
        "macro avg": {
            "precision": 0.8218843595987357,
            "recall": 0.7732369808839713,
            "f1-score": 0.7886163230150179,
            "support": 1747.0
        },
        "weighted avg": {
            "precision": 0.8022165128300118,
            "recall": 0.7836290784201488,
            "f1-score": 0.7862027169893813,
            "support": 1747.0
        }
    },
    "confusion_matrix": [
        [
            188,
            0,
            2,
            2,
            0,
            5,
            0,
            0,
            0,
            6
        ],
        [
            2,
            63,
            2,
            1,
            4,
            1,
            0,
            4,
            0,
            9
        ],
        [
            25,
            0,
            129,
            5,
            1,
            3,
            0,
            0,
            4,
            16
        ],
        [
            6,
            0,
            26,
            145,
            4,
            5,
            3,
            0,
            7,
            5
        ],
        [
            4,
            0,
            15,
            9,
            155,
            0,
            0,
            8,
            0,
            15
        ],
        [
            13,
            0,
            16,
            1,
            0,
            162,
            0,
            0,
            0,
            1
        ],
        [
            1,
            0,
            10,
            11,
            1,
            1,
            45,
            0,
            2,
            1
        ],
        [
            2,
            0,
            3,
            0,
            2,
            0,
            0,
            192,
            0,
            9
        ],
        [
            6,
            0,
            5,
            6,
            0,
            4,
            0,
            0,
            144,
            0
        ],
        [
            31,
            1,
            30,
            4,
            7,
            3,
            0,
            4,
            4,
            146
        ]
    ]
}