{
    "loss": 0.7554328441619873,
    "accuracy": 0.7767601602747567,
    "classification_report": {
        "dog_bark": {
            "precision": 0.6118421052631579,
            "recall": 0.916256157635468,
            "f1-score": 0.7337278106508875,
            "support": 203.0
        },
        "children_playing": {
            "precision": 0.9852941176470589,
            "recall": 0.7790697674418605,
            "f1-score": 0.8701298701298702,
            "support": 86.0
        },
        "car_horn": {
            "precision": 0.5581395348837209,
            "recall": 0.7868852459016393,
            "f1-score": 0.6530612244897959,
            "support": 183.0
        },
        "air_conditioner": {
            "precision": 0.8258426966292135,
            "recall": 0.7313432835820896,
            "f1-score": 0.7757255936675462,
            "support": 201.0
        },
        "street_music": {
            "precision": 0.9226190476190477,
            "recall": 0.7524271844660194,
            "f1-score": 0.8288770053475936,
            "support": 206.0
        },
        "gun_shot": {
            "precision": 0.8770949720670391,
            "recall": 0.8134715025906736,
            "f1-score": 0.8440860215053764,
            "support": 193.0
        },
        "siren": {
            "precision": 0.9782608695652174,
            "recall": 0.625,
            "f1-score": 0.7627118644067797,
            "support": 72.0
        },
        "engine_idling": {
            "precision": 0.897196261682243,
            "recall": 0.9230769230769231,
            "f1-score": 0.9099526066350712,
            "support": 208.0
        },
        "jackhammer": {
            "precision": 0.8928571428571429,
            "recall": 0.9090909090909091,
            "f1-score": 0.9009009009009009,
            "support": 165.0
        },
        "drilling": {
            "precision": 0.6951219512195121,
            "recall": 0.4956521739130435,
            "f1-score": 0.5786802030456853,
            "support": 230.0
        },
        "accuracy": 0.7767601602747567,
        "macro avg": {
            "precision": 0.8244268699433354,
            "recall": 0.7732273147698627,
            "f1-score": 0.7857853100779506,
            "support": 1747.0
        },
        "weighted avg": {
            "precision": 0.8017533452783298,
            "recall": 0.7767601602747567,
            "f1-score": 0.7777886203896907,
            "support": 1747.0
        }
    },
    "confusion_matrix": [
        [
            186,
            0,
            7,
            0,
            0,
            6,
            0,
            0,
            1,
            3
        ],
        [
            3,
            67,
            1,
            2,
            1,
            4,
            0,
            0,
            1,
            7
        ],
        [
            20,
            0,
            144,
            3,
            0,
            6,
            0,
            0,
            3,
            7
        ],
        [
            10,
            0,
            25,
            147,
            4,
            1,
            1,
            0,
            8,
            5
        ],
        [
            5,
            0,
            16,
            6,
            155,
            0,
            0,
            6,
            0,
            18
        ],
        [
            21,
            0,
            11,
            1,
            0,
            157,
            0,
            0,
            1,
            2
        ],
        [
            2,
            0,
            14,
            7,
            1,
            1,
            45,
            0,
            0,
            2
        ],
        [
            4,
            0,
            1,
            1,
            4,
            0,
            0,
            192,
            0,
            6
        ],
        [
            5,
            0,
            3,
            4,
            1,
            1,
            0,
            1,
            150,
            0
        ],
        [
            48,
            1,
            36,
            7,
            2,
            3,
            0,
            15,
            4,
            114
        ]
    ]
}